site,mean_age,mean_bmi,mean_systolic_bp
a,56.36400541271989,25.875182735816217,117.35428370786516
b,62.40195678760701,25.70668085106383,117.13067458633857
c,57.31210805595755,25.789583333333333,117.97835933568193
d,63.49100599600266,25.565682137834038,117.94366197183099
e,57.064896755162245,25.47650158061117,117.50308008213553
